timestamp|id|email|destino|precio_noche|telefono|direccion|comentario_hospedaje|dias_anticipacion
2024-08-14 08:36:12|6de8907fad|carlos_garcia38@hotmail.com|Los Cabos|2803.58|10-5305-7628|Calle Madero #1620, Col. Moderna, Puebla|Recomendable para viajar en familia|23.0
2023-11-01 13:14:51|52256017c4|renata.reyes32@yahoo.com|Oaxaca|2258.61|2501030888|Calle Constitucion #1767, Col. Jardines, Queretaro|Excelente ubicacion y atencion del personal|4.0
16 de junio de 2024|ae4e6f54aa|maria_morales96@outlook.com|Oaxaca|1608.39|97-3970-1589|Calle Independencia #222, Col. Chapultepec, Leon|La habitacion no coincidia con las fotos publicadas|55.0
2023-07-21 11:13:57|cab2008ac3|sofia_rodriguez90@hotmail.com|Merida|2271.29||Calle Hidalgo #1709, Col. Jardines, Guadalajara|La habitacion no coincidia con las fotos publicadas|10.0
2024-07-17 21:38:47|0568aea62a|sofia_ramirez86@live.com|Guadalajara|2290.39|71-9200-5|Calle Madero #399, Col. Centro, Monterrey|Recomendable para viajar en familia|37.0
2024-04-23 03:56:55|f4e17c7b47|jose.rodriguez74@outlook.com|CDMX|1965.49|82-9181-3489|Calle Independencia #664, Col. Moderna, Puebla|Recomendable para viajar en familia|20.0
2023-10-24 08:55:50|50cdd16f5f|andrea_ramirez38@yahoo.com||1914.78|96-2422-0168|Calle Allende #712, Col. Chapultepec, Tijuana|Recomendable para viajar en familia|22.0
2023-07-13 08:22:17|f4a463e1f3|sofialopez98@hotmail.com|Oaxaca|21556.100000000002|09-4142-7658|Calle Insurgentes #1188, Col. Del Valle, Leon|Recomendable para viajar en familia|18.0
2023-08-21 04:24:42|67f7b53271|sofiamorales24@hotmail.com|Cancun|1947.48|02-5150-3630|Calle Madero #581, Col. Centro, Tijuana|Excelente ubicacion y atencion del personal|31.0
2023-04-19 08:40:59|db4c34b868|ana_perez95@hotmail.com|Puerto Vallarta|2093.28|60-7232-3730|Calle Revolucion #242, Col. Vista Hermosa, Monterrey|Recomendable para viajar en familia|3.0
2023-11-12 05:17:44|a0f525d87b|miguel_jimenez83@live.com|  Puerto Vallarta  |1480.27|99-6494-8936|Calle Insurgentes #515, Col. San Pedro, Guadalajara|El proceso de check-in fue rapido y sencillo|24.0
2024-04-06 14:19:45|60eeb56330|miguelrodriguez50@live.com|CDMX|1407.8|99-7225-4847|Calle Insurgentes #317, Col. Moderna, Puebla|Excelente ubicacion y atencion del personal|20.0
2024-06-11 06:29:52|6bb3fe0701|josereyes48@hotmail.com|Oaxaca|2071.51|63-3623-2557|Calle Revolucion #769, Col. Chapultepec, Tijuana|La habitacion no coincidia con las fotos publicadas|12.0
2024-02-17 21:12:04|bca50dac05|juantorres87@outlook.com|Los Cabos|1420.18|1810556642|Calle Hidalgo #1655, Col. Del Valle, Tijuana|Excelente ubicacion y atencion del personal|42.0
2023-07-26 01:32:37|47178f7c2d|miguel.ramirez78@@yahoo.com|Merida|23353.4|64-5445-0180|Calle Insurgentes #695, Col. Moderna, Monterrey|La habitacion no coincidia con las fotos publicadas|24.0
2023-05-24 10:22:19|c4cc861d77|juan_torres27@hotmail.com||1625.57|76-3467-6156|Calle Hidalgo #224, Col. Chapultepec, Leon|La habitacion no coincidia con las fotos publicadas|57.0
10-05-24 12:18:30|3c9308a4dd|mariaflores65@hotmail.com|Los Cabos|2540.95|89-4044-2593|Calle Juarez #1011, Col. Del Valle, Queretaro|La habitacion no coincidia con las fotos publicadas|2.0
2024-05-07 19:10:06|d99ed5804e|lauratorres89@hotmail.com|Oaxaca|2070.06|7301455041||Recomendable para viajar en familia|19.0
2023-08-06 23:36:09|e97a2c67df|ana.gonzalez89@gmail.com|CDMX|2640.43|01-8887-0448|Calle Insurgentes #1319, Col. Chapultepec, Merida|Recomendable para viajar en familia|13.0
2024-06-29 00:33:39|e9755e3102|sofiaflores96@gmail.com|Cancun|2465.3|38-6233-2997|Calle Independencia #1623, Col. San Pedro, Merida|Muy buena relacion calidad precio para la zona|15.0
2023-10-17 13:28:47|302811da39|valentina.hernandez70@gmail.com|Oaxaca|1877.34|06-9302-5286|Calle Revolucion #630, Col. Jardines, Leon|La habitacion no coincidia con las fotos publicadas|28.0
2023-06-17 19:32:05|8bd8c4658d|laura_martinez14@yahoo.com|Guadalajara|2400.37|82 9463 1275|Calle Allende #1633, Col. Las Aguilas, Tijuana|Excelente ubicacion y atencion del personal|25.0
2024-04-15 14:37:00|747cf1209e|luisreyes8@live.com||1753.41|68-0270-5150|Calle Hidalgo #113, Col. Chapultepec, Monterrey||4.0
2023-03-16 21:33:38|f70db5b203|jose_garcia45@gmail.com|Cancun|1507.9|80-9177-4036|Calle Revolucion #996, Col. Vista Hermosa, Queretaro|Muy buena relacion calidad precio para la zona|37.0
2024-02-29 13:42:47|b3c91e12da|jose_martinez85@outlook.com|Los Cabos|1808.59|75-5123-0890|Calle Revolucion #1275, Col. San Pedro, Queretaro|La habitacion no coincidia con las fotos publicadas|3.0
2024-06-24 07:06:53|9ea36f95b4|carlos.ramirez62outlook.com|Guadalajara|2459.34|77-6034-7510|Calle Hidalgo #1146, Col. Chapultepec, Tijuana|Muy buena relacion calidad precio para la zona|72.0
18 de enero de 2024|105cc70cb0|ana_garcia79@live.com|Oaxaca|1468.33|4224951436|Calle Juarez #693, Col. Roma Norte, Guadalajara|Muy buena relacion calidad precio para la zona|7.0
2024-05-16 05:34:25|7a23cbb03f|valentinasanchez4@live.com|Guadalajara|2547.33|69-5738-9936|Calle Allende #482, Col. Moderna, Monterrey|Muy buena relacion calidad precio para la zona|0.0
2023-12-07 06:39:50|65451f942a|jose.castro8@outlook.com|Cancun|14160.4|30-1439-9677|Calle Insurgentes #1975, Col. Centro, Leon|Muy buena relacion calidad precio para la zona|4.0
2023-12-09 04:30:47|19edb0cc88|juan_rodriguez65@yahoo.com|Merida|1488.52|14-5211-5443|Calle Morelos #105, Col. San Pedro, Monterrey|Recomendable para viajar en familia|53.0
2024-09-12 04:09:08|ecb7496feb|renata_garcia7@hotmail.com|Guadalajara|2193.51|68-6325-3704|Calle Insurgentes #1999, Col. Centro, Merida|La habitacion no coincidia con las fotos publicadas|31.0
2023-06-18 09:32:26|ac1440c72d|diego.flores2@yahoo.com|CDMX|2460.77|40-7934-7293|Calle Insurgentes #1589, Col. Centro, Merida|Muy buena relacion calidad precio para la zona|20.0
2023-02-16 17:46:09|5bcbcb0412|maria_jimenez74@hotmail.com|  Puerto Vallarta  |705.85|76-5178-3807|Calle Insurgentes #573, Col. Roma Norte, Puebla|La habitacion no coincidia con las fotos publicadas|39.0
2024-11-28 12:15:28|33d3a3aba3||Los Cabos|1089.43|34-0237-2773|Calle Hidalgo #1464, Col. Roma Norte, Puebla|La habitacion no coincidia con las fotos publicadas|25.0
2023-10-24 21:47:56|0f23834d8d|jose_rodriguez54@yahoo.com|Puerto Vallarta|1475.9|41-4663-8443|Calle Insurgentes #434, Col. Chapultepec, CDMX|El proceso de check-in fue rapido y sencillo|22.0
2024-04-23 20:31:56|f7a8b2a0f7|sofia.perez81@hotmail.com|CDMX||34-2200-5552|Calle Constitucion #630, Col. Chapultepec, Puebla|El proceso de check-in fue rapido y sencillo|23.0
07-10-23 13:47:10|d1e0478227|paula.lopez93@live.com|Puerto Vallarta|1969.53|40-9778-2407|Calle Revolucion #1242, Col. San Pedro, Tijuana|Excelente ubicacion y atencion del personal|24.0
2024-07-12 18:35:58|376c3b06c2|juan.castro37@hotmail.com|Oaxaca|2696.11|54-6934-4035|Calle Allende #1516, Col. Del Valle, Tijuana|El proceso de check-in fue rapido y sencillo|0.0
2023-01-02 23:06:52|0a0670ebfd|renatacastro32@outlook.com|CDMX|1371.54|19-5071-0599|Calle Morelos #1881, Col. Roma Norte, Puebla|Muy buena relacion calidad precio para la zona|40.0
2023-11-04 06:05:27|f210ebde1f|renataperez60@yahoo.com|Cancun|1538.63|96-8122-8622|Calle Juarez #926, Col. Centro, Queretaro|Muy buena relacion calidad precio para la zona|16.0
2023-08-27 09:38:01|0f137ccfcb|laurajimenez11@yahoo.com|Puerto Vallarta|-1716.07|56-8012-0143|Calle Morelos #1480, Col. Roma Norte, Merida|Recomendable para viajar en familia|31.0
2024-05-14 13:25:21|fc68d3ad06|javier_perez2@yahoo.com|Oaxaca|1758.43|47-4469-4129|Calle Juarez #726, Col. Vista Hermosa, Leon|La habitacion no coincidia con las fotos publicadas|16.0
2023-10-17 20:11:42|4d695fd6c7|sofia.morales95@live.com|Guadalajara|1753.26|52-3467-9550|Calle Constitucion #1817, Col. Vista Hermosa, Tijuana|Muy buena relacion calidad precio para la zona|40.0
2024-03-04 17:08:57|ff9a3a9705|miguelcastro2@gmail.com|Puerto Vallarta|1459.69||Calle Constitucion #1497, Col. Del Valle, Merida||32.0
2024-01-16 05:46:39|d9e44d9293|sofia_rodriguez26@outlook.com|Los Cabos|522.53|40-0870-7691|Calle Hidalgo #1822, Col. Vista Hermosa, CDMX|La habitacion no coincidia con las fotos publicadas|51.0
2023-03-14 08:15:17|40849f036f|andrea.jimenez34@gmail.com|Merida|975.11|25-9188-2634|Calle Morelos #1398, Col. Moderna, Tijuana|Excelente ubicacion y atencion del personal|54.0
2023-07-15 17:28:07|c06bfaa05b||Cancun|2472.87|28-9836-1706|Calle Juarez #1594, Col. Las Aguilas, Leon|La habitacion no coincidia con las fotos publicadas|39.0
2023-04-30 17:24:30|8fea091aad|maria.garcia41@yahoo.com|CDMX|1723.51|80-0558-5284|||22.0
|7dfa6405d5|diego_jimenez@yahoo.com|guadalajara|1594.31|41-8294-7498|Calle Revolucion #851, Col. Vista Hermosa, Guadalajara|La habitacion no coincidia con las fotos publicadas|260.0
03-24-2023|c5e6a74b41|laurasanchez86@hotmail.com|CDMX|1577.85|+52 52-2407-2817||La habitacion no coincidia con las fotos publicadas|250.0
07/05/2024 00:27|9fd88496f6|renata_perez90@yahoo.com|Cancun|2088.43|84-6562-9357|Calle Revolucion #84, Col. Jardines, Monterrey|El proceso de check-in fue rapido y sencillo|15.0
2023-05-05 03:48:22|d5f3c69feb|paula_flores76@outlook.com|Los Cabos|20971.5|17-8279-6082|Calle Allende #1946, Col. Las Aguilas, CDMX|La habitacion no coincidia con las fotos publicadas|26.0
2023-03-16 21:33:38|f70db5b203|jose_garcia45@gmail.com|Cancun|1507.9|80-9177-4036|Calle Revolucion #996, Col. Vista Hermosa, Queretaro|Muy buena relacion calidad precio para la zona|37.0
2024-05-13 04:16:23|c6f28b749e|ana_perez69@gmail.com|Guadalajara|2307.89|17-8486-3|Calle Reforma #1433, Col. La Paz, CDMX|Excelente ubicacion y atencion del personal|130.0
2023-01-31 16:31:45|b05832cb7a|laura.lopez68@yahoo.com|Merida|1313.14|13-1867-2788|Calle Independencia #633, Col. Vista Hermosa, Monterrey|Recomendable para viajar en familia|32.0
2023-02-06 22:22:34|56e35e4862|luishernandez21@live.com|Cancun|1391.5|86-6408-8312|Calle Insurgentes #1225, Col. Las Aguilas, Guadalajara|Muy buena relacion calidad precio para la zona|9.0
02/11/2024 08:23|67011864f5|luisramirez63@live.com|Guadalajara|1970.47|20-4455-2081|Calle Insurgentes #615, Col. Moderna, Queretaro|Recomendable para viajar en familia|5.0
05-14-2023|40fef6694d|sofia_reyes59@live.com|Los Cabos|1883.52|34-9828-2804|Calle Juarez #200, Col. Centro, Puebla|El proceso de check-in fue rapido y sencillo|33.0
2023-07-27 05:35:31|374a984e76|luis_martinez83@gmail.com|Puerto Vallarta|2356.21|97-9853-5538|Calle Morelos #1396, Col. La Paz, Tijuana|El proceso de check-in fue rapido y sencillo|19.0
2024-03-09 16:33:36|4ea62772e9|ana_martinez11@outlook.com|CDMX|1600.65|19-3618-9944|Calle Insurgentes #1338, Col. Moderna, Monterrey|Excelente ubicacion y atencion del personal|
06/05/2024 23:03|777bb11610||Cancun|2096.96|25-3195-3194|Calle Allende #1258, Col. Jardines, Leon|Recomendable para viajar en familia|8.0
2024-01-15 10:16:57|7aa7df6c45|javier_ramirez65@outlook.com|CDMX||99-6405-0942|Calle Insurgentes #1250, Col. Roma Norte, Tijuana|Excelente ubicacion y atencion del personal|53.0
2024-06-18 04:32:31|12f5cca569|luis.lopez1@@yahoo.com|Puerto Vallarta|2696.49|52-2410-9|Calle Reforma #892, Col. Moderna, Leon|La habitacion no coincidia con las fotos publicadas|44.0
2023-03-30 16:00:09|809ff4bec4|sofiaflores98@yahoo.com|Puerto Vallarta|1886.39|24-7264-7713|Calle Constitucion #1998, Col. Moderna, Queretaro|Recomendable para viajar en familia|33.0
2023-10-15 07:42:08|26a5898d1f|mariarodriguez5@gmail.com|Los Cabos|1638.23|86-7718-3658|Calle Morelos #317, Col. Centro, Guadalajara|Excelente ubicacion y atencion del personal|26.0
2023-03-05 05:13:08|62399a893d|andrea_lopez82@outlook.com|Oaxaca|1386.55|41-9693-8503|Calle Juarez #1511, Col. Chapultepec, Leon|El proceso de check-in fue rapido y sencillo|64.0
2023-08-04 18:27:02|8082b39c94|valentina.morales66@outlook.com|Cancun|3160.4|58-0960-4033|Calle Independencia #684, Col. La Paz, Puebla|Excelente ubicacion y atencion del personal|0.0
2024-02-14 03:31:50|d182475f71|andrea.sanchez94@outlook.com|Oaxaca|2372.31|27-5303-9637|Calle Morelos #442, Col. Chapultepec, Puebla|El proceso de check-in fue rapido y sencillo|34.0
|6beda8c60a|laura.reyes78@live.com|Puerto Vallarta|2333.2|42-7528-3795|Calle Insurgentes #1796, Col. Moderna, Puebla|Muy buena relacion calidad precio para la zona|14.0
2024-12-17 21:10:27|c3fcdf33e3|renatatorres31@gmail.com|Oaxaca|12949.04|42-2267-8956|Calle Juarez #1041, Col. Centro, Puebla||39.0
2024-10-01 02:22:23|216de1e45e|carlosramirez94@yahoo|Puerto Vallarta|1867.98|58-1583-3001|Calle Reforma #1700, Col. Moderna, Tijuana|Excelente ubicacion y atencion del personal|220.0
2023-05-15 08:40:42|4a58c04b7b|maria.gonzalez66@yahoo.com||2514.29|49-1520-9660|Calle Revolucion #1476, Col. Centro, Tijuana|El proceso de check-in fue rapido y sencillo|130.0
2024-07-09 10:04:20|739aff828e|sofia.martinez68@live.com|Merida|2541.5|31-1199-9813||Recomendable para viajar en familia|18.0
2024-12-14 16:59:21|6b2d7e6d91|miguellopez55@live.com|Merida|1536.14|76-8978-4484|Calle Constitucion #239, Col. Moderna, Guadalajara|Excelente ubicacion y atencion del personal|
2023-07-21 11:13:57|cab2008ac3|sofia_rodriguez90@hotmail.com|Merida|2271.29||Calle Hidalgo #1709, Col. Jardines, Guadalajara|La habitacion no coincidia con las fotos publicadas|10.0
20 de junio de 2023|03163688c2|valentina_lopez30@gmail.com|guadalajara|-2433.48|07-8669-3533|Calle Morelos #886, Col. Moderna, Puebla|Excelente ubicacion y atencion del personal|33.0
2024-06-16 20:09:07|f28782946a|mariagarcia75@yahoo|Oaxaca|2209.5|42-9584-5807|Calle Revolucion #632, Col. Jardines, Monterrey|El proceso de check-in fue rapido y sencillo|36.0
16 de junio de 2024|ae4e6f54aa|maria_morales96@outlook.com|Oaxaca|1608.39|97-3970-1589|Calle Independencia #222, Col. Chapultepec, Leon|La habitacion no coincidia con las fotos publicadas|55.0
2023-05-06 07:06:16|1c2288f917|diegoreyes82@gmail.com|CDMX|2000.79|03-7171-8905|Calle Hidalgo #1705, Col. Chapultepec, CDMX|Recomendable para viajar en familia|13.0
2023-11-04 19:10:28|e00de0ac7b|carlos_jimenez75@outlook.com|CDMX|2444.65|18-6273-8346|Calle Reforma #226, Col. San Pedro, Queretaro|Excelente ubicacion y atencion del personal|240.0
2023-05-07 15:46:47|73cc59f863|renata_garcia51@live.com|Merida|1865.35|74-7226-6592|Calle Revolucion #1647, Col. Roma Norte, Merida|Muy buena relacion calidad precio para la zona|31.0
2023-08-23 18:01:49|4d88f40278|diego.morales86@live.com|Puerto Vallarta|2779.55|74-0437-8599|Calle Insurgentes #1832, Col. Moderna, Guadalajara|La habitacion no coincidia con las fotos publicadas|13.0
2023-02-02 18:26:57|0b62fac439|renataflores58@outlook.com|Guadalajara|1279.07|42-1463-0637|Calle Allende #827, Col. Del Valle, Puebla|Muy buena relacion calidad precio para la zona|46.0
2023-10-28 16:12:35|d5e22a4420|renatamartinez22@hotmail.com|Cancun|2276.46|67-7030-2425|Calle Independencia #1802, Col. La Paz, Tijuana|La habitacion no coincidia con las fotos publicadas|6.0
2024-08-16 09:35:07|ee188c7eae|joseramirez80@@outlook.com|Guadalajara||50-1784-6578|Calle Constitucion #630, Col. Chapultepec, Queretaro|Muy buena relacion calidad precio para la zona|18.0
2023-09-27 19:13:34|cb7c5aa428|miguel.torres48@live.com|Puerto Vallarta|2290.02|18-4573-2092|Calle Independencia #1539, Col. Roma Norte, Puebla|El proceso de check-in fue rapido y sencillo|39.0
|fd084150e4|juan_perez49@live.com|Puerto Vallarta|12444.5|48-6036-4429|Calle Allende #1793, Col. La Paz, Guadalajara|Recomendable para viajar en familia|144.0
|42f7092b66|paulatorres18@outlook.com|Puerto Vallarta|1633.73|05-5104-5478|Calle Revolucion #610, Col. La Paz, Leon|El proceso de check-in fue rapido y sencillo|26.0
2023-06-23 00:59:18|1aaa7de242|maria.flores61@outlook.com|  Oaxaca  |2468.89|84-8052-6217|Calle Constitucion #1042, Col. Roma Norte, Guadalajara|El proceso de check-in fue rapido y sencillo|0.0
2023-12-22 21:32:37|d866d686cc||Cancun|1843.14|03-6226-8944|Calle Revolucion #635, Col. San Pedro, Leon|El proceso de check-in fue rapido y sencillo|32.0
2024-02-02 23:44:55|6c748bd091|valentinarodriguez94@hotmail.com|Los Cabos|1552.02||Calle Allende #1053, Col. La Paz, Leon|La habitacion no coincidia con las fotos publicadas|55.0
2023-08-07 09:50:22|07b3ad1d40|jose_hernandez13@live.com|Puerto Vallarta|2337.2|39-9908-4407|Calle Morelos #895, Col. Las Aguilas, Leon|El proceso de check-in fue rapido y sencillo|34.0
2024-04-11 18:31:20|ef056d0174|andrea_sanchez72@outlook.com|PUERTO VALLARTA|18989.92|73-7504-8822|Calle Juarez #320, Col. La Paz, Leon|Muy buena relacion calidad precio para la zona|
2024-05-21 23:06:27|577c4da98b|joseperez33@hotmail.com|Cancun|2671.28|47-1360-3651|Calle Madero #565, Col. Centro, Guadalajara|La habitacion no coincidia con las fotos publicadas|0.0
2023-08-20 10:50:42|753da590b8|miguelreyes82@outlook.com|Merida|1912.35|71-4377-4802|Calle Insurgentes #158, Col. La Paz, CDMX|Excelente ubicacion y atencion del personal|23.0
2024-10-06 01:22:18|37a1909e71|diegojimenez49@outlook.com|Cancun|1971.56|66-5353-1882|Calle Madero #922, Col. Moderna, Merida|La habitacion no coincidia con las fotos publicadas|19.0
2024-02-29 08:16:04|70473c4181|javier.flores10@live.com|Puerto Vallarta|2068.36|95-0206-0191|Calle Revolucion #1418, Col. Chapultepec, Merida|Excelente ubicacion y atencion del personal|18.0
2023-03-15 22:24:21|3e81f2de28|valentina_rodriguez64@gmail.com|Puerto Vallarta|1631.6|41-2086-9946|Calle Insurgentes #664, Col. Del Valle, Puebla|Muy buena relacion calidad precio para la zona|660.0
2023-08-07 13:03:48|86675c361a|miguelgarcia31@yahoo.com|Cancun|2246.55||Calle Independencia #63, Col. La Paz, Queretaro|El proceso de check-in fue rapido y sencillo|
2024-08-22 14:17:41|87138db727|juan.morales51@hotmail|Los Cabos||62-5132-3762|Calle Revolucion #321, Col. Las Aguilas, Leon|El proceso de check-in fue rapido y sencillo|21.0
2023-04-29 23:01:16|f6b2c0930d|diegogonzalez33@live.com|Merida|1986.55|53-7473-3612|Calle Allende #581, Col. San Pedro, Guadalajara|Excelente ubicacion y atencion del personal|35.0
2023-11-15 02:35:32|9ae1540e49|andrea.sanchez7@outlook.com|Guadalajara|1593.51|62-5904-5273|Calle Independencia #814, Col. San Pedro, Leon|La habitacion no coincidia con las fotos publicadas|28.0
2023-06-18 09:46:35|6a1aa4c58d|diegoflores31@@live.com|Merida|2546.23|58-0006-8|Calle Hidalgo #131, Col. Las Aguilas, Leon|El proceso de check-in fue rapido y sencillo|56.0
